Component,MSE
PC1,1.6394500960522331
PC2,1.0639202712874534
PC3,1.1153267009106687
PC4,1.077709545284868
PC5,0.9646409608452082
PC6,0.9944592132126111
PC7,1.0404874461893494
PC8,1.0082726099898633
PC9,0.9992148360403884
PC10,0.9629288488321627
PC11,1.0147500627149002
PC12,1.0120749090950154
PC13,0.978976957863931
PC14,0.48066226879827356
