Component,MSE
PC1,1.5418775899973745
PC2,1.0638563078745633
PC3,1.1070008226796593
PC4,1.080610507735216
PC5,0.9691982324620267
PC6,0.9712642963090194
PC7,1.041659396602676
PC8,1.0335864881154537
PC9,1.000825045606636
PC10,0.9683536762812298
PC11,0.9939045840275936
PC12,0.9961340457528356
PC13,1.0001725176838434
PC14,0.4797514602503909
