Component,MSE
PC1,1.5426973467948566
PC2,1.0654732724206084
PC3,1.183804274414849
PC4,1.0693489063424109
PC5,0.9682874175886407
PC6,0.9766392236202392
PC7,1.0382196974437259
PC8,1.028776227088349
PC9,0.9979869861230188
PC10,0.9675367555897576
PC11,0.9985202414942095
PC12,0.9971836498969138
PC13,0.9848022560074982
PC14,0.4742723865475061
