Component,MSE
PC14,0.6266396739120539
PC5,0.9663484058892445
PC13,0.985977634103365
PC9,1.0102050219782763
PC7,1.0746492200936233
PC4,1.1069956102300003
PC10,1.1073559881207067
PC2,1.1199158234686202
PC11,1.1461842695886615
PC6,1.2529732924429338
PC8,1.3568925753995413
PC3,1.374804927573827
PC12,1.5371560407986686
PC1,2.034603369652285
